iso3,Country.x
AFG,Afghanistan
ALB,Albania
ANT,Netherlands Antilles
ARB,Aruba
ARE,United Arab Emirates
ARG,Argentina
ARM,Armenia
ATG,Antigua and Barbuda
AUS,Australia
AUT,Austria
AZE,Azerbaijan
BDI,Burundi
BEL,Belgium
BEN,Benin
BFA,Burkina Faso
BGD,Bangladesh
BGR,Bulgaria
BHR,Bahrain
BHS,Bahamas
BIH,Bosnia and Herzegovina
BLR,Belarus
BLZ,Belize
BMU,Bermuda
BOL,Bolivia (Plurinational State of)
BRA,Brazil
BRB,Barbados
BRN,Brunei Darussalam
BTN,Bhutan
BWA,Botswana
CAF,Central African Republic
CAN,Canada
CHE,Switzerland
CHL,Chile
CHN,China (mainland)
CIV,Cote dIvoire
CMR,Cameroon
COD,Democratic Republic of the Congo
COG,Congo
COK,Cook Islands
COL,Colombia
COM,Comoros
CPV,Cape Verde
CRI,Costa Rica
CUB,Cuba
CYP,Cyprus
CZE,Czech Republic
DEU,Germany
DJI,Djibouti
DMA,Dominica
DNK,Denmark
DOM,Dominican Republic
DZA,Algeria
ECU,Ecuador
EGY,Egypt
ERI,Eritrea
ESP,Spain
EST,Estonia
ETH,Ethiopia
FIN,Finland
FJI,Fiji
FRA,France
FRO,Faroe Islands
GAB,Gabon
GBR,United Kingdom
GEO,Georgia
GHA,Ghana
GIN,Guinea
GMB,Gambia
GNB,Guinea-Bissau
GNQ,Equatorial Guinea
GRC,Greece
GRD,Grenada
GRL,Greenland
GTM,Guatemala
GUY,Guyana
HKG,"Hong Kong SAR, China"
HND,Honduras
HRV,Croatia
HTI,Haiti
HUN,Hungary
IDN,Indonesia
IND,India
IRL,Ireland
IRN,Iran (Islamic Republic of)
IRQ,Iraq
ISL,Iceland
ISR,Israel
ITA,Italy
JAM,Jamaica
JOR,Jordan
JPN,Japan
KAZ,Kazakhstan
KEN,Kenya
KGZ,Kyrgyzstan
KHM,Cambodia
KIR,Kiribati
KNA,Saint Kitts and Nevis
KOR,Republic of Korea
KWT,Kuwait
LAO,Lao People's Democratic Republic
LBN,Lebanon
LBR,Liberia
LBY,Libya
LCA,Saint Lucia
LKA,Sri Lanka
LSO,Lesotho
LTU,Lithuania
LUX,Luxembourg
LVA,Latvia
MAC,"Macao SAR, China"
MAR,Morocco
MDA,Republic of Moldova
MDG,Madagascar
MDV,Maldives
MEX,Mexico
MKD,The former Yugoslav Republic of Macedonia
MLI,Mali
MLT,Malta
MMR,Myanmar
MNE,Montenegro
MNG,Mongolia
MOZ,Mozambique
MRT,Mauritania
MUS,Mauritius
MWI,Malawi
MYS,Malaysia
NAM,Namibia
NCL,New Caledonia
NER,Niger
NGA,Nigeria
NIC,Nicaragua
NLD,Netherlands
NOR,Norway
NPL,Nepal
NZL,New Zealand
OMN,Oman
PAK,Pakistan
PAN,Panama
PER,Peru
PHL,Philippines
PNG,Papua New Guinea
POL,Poland
PRK,Democratic People's Republic of Korea
PRT,Portugal
PRY,Paraguay
PSE,Occupied Palestinian Territory
PYF,French Polynesia
QAT,Qatar
ROU,Romania
RUS,Russian Federation
RWA,Rwanda
SAU,Saudi Arabia
SDN,Sudan
SEN,Senegal
SGP,Singapore
SLB,Solomon Islands
SLE,Sierra Leone
SLV,El Salvador
SOM,Somalia
SRB,Serbia
SSD,South Sudan
STP,Sao Tome and Principe
SUR,Suriname
SVK,Slovakia
SVN,Slovenia
SWE,Sweden
SWZ,Swaziland
SYC,Seychelles
SYR,Syrian Arab Republic
TCD,Chad
TGO,Togo
THA,Thailand
TJK,Tajikistan
TKM,Turkmenistan
TLS,Timor-Leste
TON,Tonga
TTO,Trinidad and Tobago
TUN,Tunisia
TUR,Turkey
TUV,Tuvalu
TWN,Taiwan
TZA,United Republic of Tanzania
UGA,Uganda
UKR,Ukraine
URY,Uruguay
USA,United States of America
UZB,Uzbekistan
VCT,Saint Vincent and the Grenadines
VEN,Venezuela (Bolivarian Republic of)
VNM,Viet Nam
VUT,Vanuatu
YEM,Yemen
ZAF,South Africa
ZMB,Zambia
ZWE,Zimbabwe
AFG,Afghanistan
ALB,Albania
ANT,Netherlands Antilles
ARB,Aruba
ARE,United Arab Emirates
ARG,Argentina
ARM,Armenia
ATG,Antigua and Barbuda
AUS,Australia
AUT,Austria
AZE,Azerbaijan
BDI,Burundi
BEL,Belgium
BEN,Benin
BFA,Burkina Faso
BGD,Bangladesh
BGR,Bulgaria
BHR,Bahrain
BHS,Bahamas
BIH,Bosnia and Herzegovina
BLR,Belarus
BLZ,Belize
BMU,Bermuda
BOL,Bolivia (Plurinational State of)
BRA,Brazil
BRB,Barbados
BRN,Brunei Darussalam
BTN,Bhutan
BWA,Botswana
CAF,Central African Republic
CAN,Canada
CHE,Switzerland
CHL,Chile
CHN,China (mainland)
CIV,Cote dIvoire
CMR,Cameroon
COD,Democratic Republic of the Congo
COG,Congo
COK,Cook Islands
COL,Colombia
COM,Comoros
CPV,Cape Verde
CRI,Costa Rica
CUB,Cuba
CYP,Cyprus
CZE,Czech Republic
DEU,Germany
DJI,Djibouti
DMA,Dominica
DNK,Denmark
DOM,Dominican Republic
DZA,Algeria
ECU,Ecuador
EGY,Egypt
ERI,Eritrea
ESP,Spain
EST,Estonia
ETH,Ethiopia
FIN,Finland
FJI,Fiji
FRA,France
FRO,Faroe Islands
GAB,Gabon
GBR,United Kingdom
GEO,Georgia
GHA,Ghana
GIN,Guinea
GMB,Gambia
GNB,Guinea-Bissau
GNQ,Equatorial Guinea
GRC,Greece
GRD,Grenada
GRL,Greenland
GTM,Guatemala
GUY,Guyana
HKG,"Hong Kong SAR, China"
HND,Honduras
HRV,Croatia
HTI,Haiti
HUN,Hungary
IDN,Indonesia
IND,India
IRL,Ireland
IRN,Iran (Islamic Republic of)
IRQ,Iraq
ISL,Iceland
ISR,Israel
ITA,Italy
JAM,Jamaica
JOR,Jordan
JPN,Japan
KAZ,Kazakhstan
KEN,Kenya
KGZ,Kyrgyzstan
KHM,Cambodia
KIR,Kiribati
KNA,Saint Kitts and Nevis
KOR,Republic of Korea
KWT,Kuwait
LAO,Lao People's Democratic Republic
LBN,Lebanon
LBR,Liberia
LBY,Libya
LCA,Saint Lucia
LKA,Sri Lanka
LSO,Lesotho
LTU,Lithuania
LUX,Luxembourg
LVA,Latvia
MAC,"Macao SAR, China"
MAR,Morocco
MDA,Republic of Moldova
MDG,Madagascar
MDV,Maldives
MEX,Mexico
MKD,The former Yugoslav Republic of Macedonia
MLI,Mali
MLT,Malta
MMR,Myanmar
MNE,Montenegro
MNG,Mongolia
MOZ,Mozambique
MRT,Mauritania
MUS,Mauritius
MWI,Malawi
MYS,Malaysia
NAM,Namibia
NCL,New Caledonia
NER,Niger
NGA,Nigeria
NIC,Nicaragua
NLD,Netherlands
NOR,Norway
NPL,Nepal
NZL,New Zealand
OMN,Oman
PAK,Pakistan
PAN,Panama
PER,Peru
PHL,Philippines
PNG,Papua New Guinea
POL,Poland
PRK,Democratic People's Republic of Korea
PRT,Portugal
PRY,Paraguay
PSE,Occupied Palestinian Territory
PYF,French Polynesia
QAT,Qatar
ROU,Romania
RUS,Russian Federation
RWA,Rwanda
SAU,Saudi Arabia
SDN,Sudan
SEN,Senegal
SGP,Singapore
SLB,Solomon Islands
SLE,Sierra Leone
SLV,El Salvador
SOM,Somalia
SRB,Serbia
SSD,South Sudan
STP,Sao Tome and Principe
SUR,Suriname
SVK,Slovakia
SVN,Slovenia
SWE,Sweden
SWZ,Swaziland
SYC,Seychelles
SYR,Syrian Arab Republic
TCD,Chad
TGO,Togo
THA,Thailand
TJK,Tajikistan
TKM,Turkmenistan
TLS,Timor-Leste
TON,Tonga
TTO,Trinidad and Tobago
TUN,Tunisia
TUR,Turkey
TUV,Tuvalu
TWN,Taiwan
TZA,United Republic of Tanzania
UGA,Uganda
UKR,Ukraine
URY,Uruguay
USA,United States of America
UZB,Uzbekistan
VCT,Saint Vincent and the Grenadines
VEN,Venezuela (Bolivarian Republic of)
VNM,Viet Nam
VUT,Vanuatu
YEM,Yemen
ZAF,South Africa
ZMB,Zambia
ZWE,Zimbabwe
AFG,Afghanistan
ALB,Albania
ANT,Netherlands Antilles
ARB,Aruba
ARE,United Arab Emirates
ARG,Argentina
ARM,Armenia
ATG,Antigua and Barbuda
AUS,Australia
AUT,Austria
AZE,Azerbaijan
BDI,Burundi
BEL,Belgium
BEN,Benin
BFA,Burkina Faso
BGD,Bangladesh
BGR,Bulgaria
BHR,Bahrain
BHS,Bahamas
BIH,Bosnia and Herzegovina
BLR,Belarus
BLZ,Belize
BMU,Bermuda
BOL,Bolivia (Plurinational State of)
BRA,Brazil
BRB,Barbados
BRN,Brunei Darussalam
BTN,Bhutan
BWA,Botswana
CAF,Central African Republic
CAN,Canada
CHE,Switzerland
CHL,Chile
CHN,China (mainland)
CIV,Cote dIvoire
CMR,Cameroon
COD,Democratic Republic of the Congo
COG,Congo
COK,Cook Islands
COL,Colombia
COM,Comoros
CPV,Cape Verde
CRI,Costa Rica
CUB,Cuba
CYP,Cyprus
CZE,Czech Republic
DEU,Germany
DJI,Djibouti
DMA,Dominica
DNK,Denmark
DOM,Dominican Republic
DZA,Algeria
ECU,Ecuador
EGY,Egypt
ERI,Eritrea
ESP,Spain
EST,Estonia
ETH,Ethiopia
FIN,Finland
FJI,Fiji
FRA,France
FRO,Faroe Islands
GAB,Gabon
GBR,United Kingdom
GEO,Georgia
GHA,Ghana
GIN,Guinea
GMB,Gambia
GNB,Guinea-Bissau
GNQ,Equatorial Guinea
GRC,Greece
GRD,Grenada
GRL,Greenland
GTM,Guatemala
GUY,Guyana
HKG,"Hong Kong SAR, China"
HND,Honduras
HRV,Croatia
HTI,Haiti
HUN,Hungary
IDN,Indonesia
IND,India
IRL,Ireland
IRN,Iran (Islamic Republic of)
IRQ,Iraq
ISL,Iceland
ISR,Israel
ITA,Italy
JAM,Jamaica
JOR,Jordan
JPN,Japan
KAZ,Kazakhstan
KEN,Kenya
KGZ,Kyrgyzstan
KHM,Cambodia
KIR,Kiribati
KNA,Saint Kitts and Nevis
KOR,Republic of Korea
KWT,Kuwait
LAO,Lao People's Democratic Republic
LBN,Lebanon
LBR,Liberia
LBY,Libya
LCA,Saint Lucia
LKA,Sri Lanka
LSO,Lesotho
LTU,Lithuania
LUX,Luxembourg
LVA,Latvia
MAC,"Macao SAR, China"
MAR,Morocco
MDA,Republic of Moldova
MDG,Madagascar
MDV,Maldives
MEX,Mexico
MKD,The former Yugoslav Republic of Macedonia
MLI,Mali
MLT,Malta
MMR,Myanmar
MNE,Montenegro
MNG,Mongolia
MOZ,Mozambique
MRT,Mauritania
MUS,Mauritius
MWI,Malawi
MYS,Malaysia
NAM,Namibia
NCL,New Caledonia
NER,Niger
NGA,Nigeria
NIC,Nicaragua
NLD,Netherlands
NOR,Norway
NPL,Nepal
NZL,New Zealand
OMN,Oman
PAK,Pakistan
PAN,Panama
PER,Peru
PHL,Philippines
PNG,Papua New Guinea
POL,Poland
PRK,Democratic People's Republic of Korea
PRT,Portugal
PRY,Paraguay
PSE,Occupied Palestinian Territory
PYF,French Polynesia
QAT,Qatar
ROU,Romania
RUS,Russian Federation
RWA,Rwanda
SAU,Saudi Arabia
SDN,Sudan
SEN,Senegal
SGP,Singapore
SLB,Solomon Islands
SLE,Sierra Leone
SLV,El Salvador
SOM,Somalia
SRB,Serbia
SSD,South Sudan
STP,Sao Tome and Principe
SUR,Suriname
SVK,Slovakia
SVN,Slovenia
SWE,Sweden
SWZ,Swaziland
SYC,Seychelles
SYR,Syrian Arab Republic
TCD,Chad
TGO,Togo
THA,Thailand
TJK,Tajikistan
TKM,Turkmenistan
TLS,Timor-Leste
TON,Tonga
TTO,Trinidad and Tobago
TUN,Tunisia
TUR,Turkey
TUV,Tuvalu
TWN,Taiwan
TZA,United Republic of Tanzania
UGA,Uganda
UKR,Ukraine
URY,Uruguay
USA,United States of America
UZB,Uzbekistan
VCT,Saint Vincent and the Grenadines
VEN,Venezuela (Bolivarian Republic of)
VNM,Viet Nam
VUT,Vanuatu
YEM,Yemen
ZAF,South Africa
ZMB,Zambia
ZWE,Zimbabwe
AFG,Afghanistan
ALB,Albania
ANT,Netherlands Antilles
ARB,Aruba
ARE,United Arab Emirates
ARG,Argentina
ARM,Armenia
ATG,Antigua and Barbuda
AUS,Australia
AUT,Austria
AZE,Azerbaijan
BDI,Burundi
BEL,Belgium
BEN,Benin
BFA,Burkina Faso
BGD,Bangladesh
BGR,Bulgaria
BHR,Bahrain
BHS,Bahamas
BIH,Bosnia and Herzegovina
BLR,Belarus
BLZ,Belize
BMU,Bermuda
BOL,Bolivia (Plurinational State of)
BRA,Brazil
BRB,Barbados
BRN,Brunei Darussalam
BTN,Bhutan
BWA,Botswana
CAF,Central African Republic
CAN,Canada
CHE,Switzerland
CHL,Chile
CHN,China (mainland)
CIV,Cote dIvoire
CMR,Cameroon
COD,Democratic Republic of the Congo
COG,Congo
COK,Cook Islands
COL,Colombia
COM,Comoros
CPV,Cape Verde
CRI,Costa Rica
CUB,Cuba
CYP,Cyprus
CZE,Czech Republic
DEU,Germany
DJI,Djibouti
DMA,Dominica
DNK,Denmark
DOM,Dominican Republic
DZA,Algeria
ECU,Ecuador
EGY,Egypt
ERI,Eritrea
ESP,Spain
EST,Estonia
ETH,Ethiopia
FIN,Finland
FJI,Fiji
FRA,France
FRO,Faroe Islands
GAB,Gabon
GBR,United Kingdom
GEO,Georgia
GHA,Ghana
GIN,Guinea
GMB,Gambia
GNB,Guinea-Bissau
GNQ,Equatorial Guinea
GRC,Greece
GRD,Grenada
GRL,Greenland
GTM,Guatemala
GUY,Guyana
HKG,"Hong Kong SAR, China"
HND,Honduras
HRV,Croatia
HTI,Haiti
HUN,Hungary
IDN,Indonesia
IND,India
IRL,Ireland
IRN,Iran (Islamic Republic of)
IRQ,Iraq
ISL,Iceland
ISR,Israel
ITA,Italy
JAM,Jamaica
JOR,Jordan
JPN,Japan
KAZ,Kazakhstan
KEN,Kenya
KGZ,Kyrgyzstan
KHM,Cambodia
KIR,Kiribati
KNA,Saint Kitts and Nevis
KOR,Republic of Korea
KWT,Kuwait
LAO,Lao People's Democratic Republic
LBN,Lebanon
LBR,Liberia
LBY,Libya
LCA,Saint Lucia
LKA,Sri Lanka
LSO,Lesotho
LTU,Lithuania
LUX,Luxembourg
LVA,Latvia
MAC,"Macao SAR, China"
MAR,Morocco
MDA,Republic of Moldova
MDG,Madagascar
MDV,Maldives
MEX,Mexico
MKD,The former Yugoslav Republic of Macedonia
MLI,Mali
MLT,Malta
MMR,Myanmar
MNE,Montenegro
MNG,Mongolia
MOZ,Mozambique
MRT,Mauritania
MUS,Mauritius
MWI,Malawi
MYS,Malaysia
NAM,Namibia
NCL,New Caledonia
NER,Niger
NGA,Nigeria
NIC,Nicaragua
NLD,Netherlands
NOR,Norway
NPL,Nepal
NZL,New Zealand
OMN,Oman
PAK,Pakistan
PAN,Panama
PER,Peru
PHL,Philippines
PNG,Papua New Guinea
POL,Poland
PRK,Democratic People's Republic of Korea
PRT,Portugal
PRY,Paraguay
PSE,Occupied Palestinian Territory
PYF,French Polynesia
QAT,Qatar
ROU,Romania
RUS,Russian Federation
RWA,Rwanda
SAU,Saudi Arabia
SDN,Sudan
SEN,Senegal
SGP,Singapore
SLB,Solomon Islands
SLE,Sierra Leone
SLV,El Salvador
SOM,Somalia
SRB,Serbia
SSD,South Sudan
STP,Sao Tome and Principe
SUR,Suriname
SVK,Slovakia
SVN,Slovenia
SWE,Sweden
SWZ,Swaziland
SYC,Seychelles
SYR,Syrian Arab Republic
TCD,Chad
TGO,Togo
THA,Thailand
TJK,Tajikistan
TKM,Turkmenistan
TLS,Timor-Leste
TON,Tonga
TTO,Trinidad and Tobago
TUN,Tunisia
TUR,Turkey
TUV,Tuvalu
TWN,Taiwan
TZA,United Republic of Tanzania
UGA,Uganda
UKR,Ukraine
URY,Uruguay
USA,United States of America
UZB,Uzbekistan
VCT,Saint Vincent and the Grenadines
VEN,Venezuela (Bolivarian Republic of)
VNM,Viet Nam
VUT,Vanuatu
YEM,Yemen
ZAF,South Africa
ZMB,Zambia
ZWE,Zimbabwe
AFG,Afghanistan
ALB,Albania
ANT,Netherlands Antilles
ARB,Aruba
ARE,United Arab Emirates
ARG,Argentina
ARM,Armenia
ATG,Antigua and Barbuda
AUS,Australia
AUT,Austria
AZE,Azerbaijan
BDI,Burundi
BEL,Belgium
BEN,Benin
BFA,Burkina Faso
BGD,Bangladesh
BGR,Bulgaria
BHR,Bahrain
BHS,Bahamas
BIH,Bosnia and Herzegovina
BLR,Belarus
BLZ,Belize
BMU,Bermuda
BOL,Bolivia (Plurinational State of)
BRA,Brazil
BRB,Barbados
BRN,Brunei Darussalam
BTN,Bhutan
BWA,Botswana
CAF,Central African Republic
CAN,Canada
CHE,Switzerland
CHL,Chile
CHN,China (mainland)
CIV,Cote dIvoire
CMR,Cameroon
COD,Democratic Republic of the Congo
COG,Congo
COK,Cook Islands
COL,Colombia
COM,Comoros
CPV,Cape Verde
CRI,Costa Rica
CUB,Cuba
CYP,Cyprus
CZE,Czech Republic
DEU,Germany
DJI,Djibouti
DMA,Dominica
DNK,Denmark
DOM,Dominican Republic
DZA,Algeria
ECU,Ecuador
EGY,Egypt
ERI,Eritrea
ESP,Spain
EST,Estonia
ETH,Ethiopia
FIN,Finland
FJI,Fiji
FRA,France
FRO,Faroe Islands
GAB,Gabon
GBR,United Kingdom
GEO,Georgia
GHA,Ghana
GIN,Guinea
GMB,Gambia
GNB,Guinea-Bissau
GNQ,Equatorial Guinea
GRC,Greece
GRD,Grenada
GRL,Greenland
GTM,Guatemala
GUY,Guyana
HKG,"Hong Kong SAR, China"
HND,Honduras
HRV,Croatia
HTI,Haiti
HUN,Hungary
IDN,Indonesia
IND,India
IRL,Ireland
IRN,Iran (Islamic Republic of)
IRQ,Iraq
ISL,Iceland
ISR,Israel
ITA,Italy
JAM,Jamaica
JOR,Jordan
JPN,Japan
KAZ,Kazakhstan
KEN,Kenya
KGZ,Kyrgyzstan
KHM,Cambodia
KIR,Kiribati
KNA,Saint Kitts and Nevis
KOR,Republic of Korea
KWT,Kuwait
LAO,Lao People's Democratic Republic
LBN,Lebanon
LBR,Liberia
LBY,Libya
LCA,Saint Lucia
LKA,Sri Lanka
LSO,Lesotho
LTU,Lithuania
LUX,Luxembourg
LVA,Latvia
MAC,"Macao SAR, China"
MAR,Morocco
MDA,Republic of Moldova
MDG,Madagascar
MDV,Maldives
MEX,Mexico
MKD,The former Yugoslav Republic of Macedonia
MLI,Mali
MLT,Malta
MMR,Myanmar
MNE,Montenegro
MNG,Mongolia
MOZ,Mozambique
MRT,Mauritania
MUS,Mauritius
MWI,Malawi
MYS,Malaysia
NAM,Namibia
NCL,New Caledonia
NER,Niger
NGA,Nigeria
NIC,Nicaragua
NLD,Netherlands
NOR,Norway
NPL,Nepal
NZL,New Zealand
OMN,Oman
PAK,Pakistan
PAN,Panama
PER,Peru
PHL,Philippines
PNG,Papua New Guinea
POL,Poland
PRK,Democratic People's Republic of Korea
PRT,Portugal
PRY,Paraguay
PSE,Occupied Palestinian Territory
PYF,French Polynesia
QAT,Qatar
ROU,Romania
RUS,Russian Federation
RWA,Rwanda
SAU,Saudi Arabia
SDN,Sudan
SEN,Senegal
SGP,Singapore
SLB,Solomon Islands
SLE,Sierra Leone
SLV,El Salvador
SOM,Somalia
SRB,Serbia
SSD,South Sudan
STP,Sao Tome and Principe
SUR,Suriname
SVK,Slovakia
SVN,Slovenia
SWE,Sweden
SWZ,Swaziland
SYC,Seychelles
SYR,Syrian Arab Republic
TCD,Chad
TGO,Togo
THA,Thailand
TJK,Tajikistan
TKM,Turkmenistan
TLS,Timor-Leste
TON,Tonga
TTO,Trinidad and Tobago
TUN,Tunisia
TUR,Turkey
TUV,Tuvalu
TWN,Taiwan
TZA,United Republic of Tanzania
UGA,Uganda
UKR,Ukraine
URY,Uruguay
USA,United States of America
UZB,Uzbekistan
VCT,Saint Vincent and the Grenadines
VEN,Venezuela (Bolivarian Republic of)
VNM,Viet Nam
VUT,Vanuatu
YEM,Yemen
ZAF,South Africa
ZMB,Zambia
ZWE,Zimbabwe
AFG,Afghanistan
ALB,Albania
ANT,Netherlands Antilles
ARB,Aruba
ARE,United Arab Emirates
ARG,Argentina
ARM,Armenia
ATG,Antigua and Barbuda
AUS,Australia
AUT,Austria
AZE,Azerbaijan
BDI,Burundi
BEL,Belgium
BEN,Benin
BFA,Burkina Faso
BGD,Bangladesh
BGR,Bulgaria
BHR,Bahrain
BHS,Bahamas
BIH,Bosnia and Herzegovina
BLR,Belarus
BLZ,Belize
BMU,Bermuda
BOL,Bolivia (Plurinational State of)
BRA,Brazil
BRB,Barbados
BRN,Brunei Darussalam
BTN,Bhutan
BWA,Botswana
CAF,Central African Republic
CAN,Canada
CHE,Switzerland
CHL,Chile
CHN,China (mainland)
CIV,Cote dIvoire
CMR,Cameroon
COD,Democratic Republic of the Congo
COG,Congo
COK,Cook Islands
COL,Colombia
COM,Comoros
CPV,Cape Verde
CRI,Costa Rica
CUB,Cuba
CYP,Cyprus
CZE,Czech Republic
DEU,Germany
DJI,Djibouti
DMA,Dominica
DNK,Denmark
DOM,Dominican Republic
DZA,Algeria
ECU,Ecuador
EGY,Egypt
ERI,Eritrea
ESP,Spain
EST,Estonia
ETH,Ethiopia
FIN,Finland
FJI,Fiji
FRA,France
FRO,Faroe Islands
GAB,Gabon
GBR,United Kingdom
GEO,Georgia
GHA,Ghana
GIN,Guinea
GMB,Gambia
GNB,Guinea-Bissau
GNQ,Equatorial Guinea
GRC,Greece
GRD,Grenada
GRL,Greenland
GTM,Guatemala
GUY,Guyana
HKG,"Hong Kong SAR, China"
HND,Honduras
HRV,Croatia
HTI,Haiti
HUN,Hungary
IDN,Indonesia
IND,India
IRL,Ireland
IRN,Iran (Islamic Republic of)
IRQ,Iraq
ISL,Iceland
ISR,Israel
ITA,Italy
JAM,Jamaica
JOR,Jordan
JPN,Japan
KAZ,Kazakhstan
KEN,Kenya
KGZ,Kyrgyzstan
KHM,Cambodia
KIR,Kiribati
KNA,Saint Kitts and Nevis
KOR,Republic of Korea
KWT,Kuwait
LAO,Lao People's Democratic Republic
LBN,Lebanon
LBR,Liberia
LBY,Libya
LCA,Saint Lucia
LKA,Sri Lanka
LSO,Lesotho
LTU,Lithuania
LUX,Luxembourg
LVA,Latvia
MAC,"Macao SAR, China"
MAR,Morocco
MDA,Republic of Moldova
MDG,Madagascar
MDV,Maldives
MEX,Mexico
MKD,The former Yugoslav Republic of Macedonia
MLI,Mali
MLT,Malta
MMR,Myanmar
MNE,Montenegro
MNG,Mongolia
MOZ,Mozambique
MRT,Mauritania
MUS,Mauritius
MWI,Malawi
MYS,Malaysia
NAM,Namibia
NCL,New Caledonia
NER,Niger
NGA,Nigeria
NIC,Nicaragua
NLD,Netherlands
NOR,Norway
NPL,Nepal
NZL,New Zealand
OMN,Oman
PAK,Pakistan
PAN,Panama
PER,Peru
PHL,Philippines
PNG,Papua New Guinea
POL,Poland
PRK,Democratic People's Republic of Korea
PRT,Portugal
PRY,Paraguay
PSE,Occupied Palestinian Territory
PYF,French Polynesia
QAT,Qatar
ROU,Romania
RUS,Russian Federation
RWA,Rwanda
SAU,Saudi Arabia
SDN,Sudan
SEN,Senegal
SGP,Singapore
SLB,Solomon Islands
SLE,Sierra Leone
SLV,El Salvador
SOM,Somalia
SRB,Serbia
SSD,South Sudan
STP,Sao Tome and Principe
SUR,Suriname
SVK,Slovakia
SVN,Slovenia
SWE,Sweden
SWZ,Swaziland
SYC,Seychelles
SYR,Syrian Arab Republic
TCD,Chad
TGO,Togo
THA,Thailand
TJK,Tajikistan
TKM,Turkmenistan
TLS,Timor-Leste
TON,Tonga
TTO,Trinidad and Tobago
TUN,Tunisia
TUR,Turkey
TUV,Tuvalu
TWN,Taiwan
TZA,United Republic of Tanzania
UGA,Uganda
UKR,Ukraine
URY,Uruguay
USA,United States of America
UZB,Uzbekistan
VCT,Saint Vincent and the Grenadines
VEN,Venezuela (Bolivarian Republic of)
VNM,Viet Nam
VUT,Vanuatu
YEM,Yemen
ZAF,South Africa
ZMB,Zambia
ZWE,Zimbabwe
